13.702,0.015525,1,1,1
17.763,0.010858,1,1,1
21.437,0.026027,1,1,1
24.918,0.027194,1,1,1
29.366,0.034195,1,1,1
32.073,0.054033,1,1,1
29.172,0.085539,1,1,1
25.305,0.090206,1,1,1
21.824,0.065701,1,1,1
8.8674,0.063368,1,1,1
11.961,0.065701,1,1,1
4.6131,0.096041,1,1,1
13.702,0.13105,1,1,1
15.829,0.094874,1,1,1
17.956,0.082038,1,1,1
18.73,0.10654,1,1,1
23.177,0.10304,1,1,1
19.697,0.12405,1,1,1
19.89,0.14388,1,1,1
26.852,0.13805,1,1,1
35.167,0.12405,1,1,1
37.101,0.097208,1,1,1
38.454,0.091373,1,1,1
39.808,0.07387,1,1,1
37.488,0.064535,1,1,1
33.233,0.030695,1,1,1
31.686,0.0026893,1,1,1
35.167,0.022526,1,1,1
42.515,0.051699,1,1,1
42.709,0.089039,1,1,1
47.35,0.079704,1,1,1
51.217,0.083205,1,1,1
52.571,0.080871,1,1,1
43.676,0.11588,1,1,1
45.029,0.13571,1,1,1
47.157,0.14038,1,1,1
50.251,0.13571,1,1,1
57.019,0.10654,1,1,1
55.859,0.13221,1,1,1
60.886,0.10188,1,1,1
63.981,0.11821,1,1,1
62.24,0.13922,1,1,1
58.373,0.15439,1,1,1
59.533,0.15439,1,1,1
4.2263,0.18356,1,1,1
6.3535,0.16605,1,1,1
14.475,0.16372,1,1,1
16.216,0.17306,1,1,1
16.989,0.16955,1,1,1
25.111,0.17772,1,1,1
22.984,0.20573,1,1,1
21.05,0.22673,1,1,1
18.73,0.22673,1,1,1
14.282,0.23957,1,1,1
11.961,0.21623,1,1,1
11.768,0.26991,1,1,1
12.155,0.32242,1,1,1
10.221,0.37726,1,1,1
10.608,0.38193,1,1,1
19.117,0.25357,1,1,1
24.725,0.23723,1,1,1
25.111,0.2244,1,1,1
28.592,0.20573,1,1,1
30.139,0.19639,1,1,1
65.721,0.16022,1,1,1
66.881,0.17189,1,1,1
66.108,0.18239,1,1,1
69.202,0.20106,1,1,1
74.23,0.16022,1,1,1
78.677,0.20573,1,1,1
73.456,0.2244,1,1,1
74.23,0.23607,1,1,1
95.115,0.2069,1,1,1
89.7,0.24074,1,1,1
97.629,0.2174,1,1,1
113.68,0.20923,1,1,1
112.91,0.22907,1,1,1
122.38,0.23023,1,1,1
120.64,0.22206,1,1,1
122.19,0.20106,1,1,1
133.6,0.20339,1,1,1
138.04,0.21273,1,1,1
136.11,0.22206,1,1,1
158.74,0.20923,1,1,1
141.91,0.24424,1,1,1
141.53,0.27458,1,1,1
132.24,0.26407,1,1,1
124.9,0.2489,1,1,1
116.97,0.2454,1,1,1
115.23,0.24657,1,1,1
115.42,0.26057,1,1,1
94.148,0.24307,1,1,1
96.082,0.25824,1,1,1
44.256,0.15905,1,1,1
44.643,0.17072,1,1,1
45.803,0.17772,1,1,1
37.488,0.19406,1,1,1
33.427,0.19173,1,1,1
45.416,0.19989,1,1,1
43.869,0.2174,1,1,1
41.355,0.21506,1,1,1
40.582,0.22323,1,1,1
43.096,0.22907,1,1,1
41.742,0.2419,1,1,1
41.742,0.25124,1,1,1
43.676,0.25707,1,1,1
41.355,0.27341,1,1,1
47.157,0.22907,1,1,1
47.737,0.24774,1,1,1
50.251,0.2559,1,1,1
48.317,0.27574,1,1,1
50.251,0.19173,1,1,1
52.571,0.18472,1,1,1
58.373,0.18939,1,1,1
58.759,0.2069,1,1,1
60.113,0.21506,1,1,1
60.693,0.22206,1,1,1
58.179,0.22206,1,1,1
59.533,0.2349,1,1,1
59.533,0.24424,1,1,1
52.184,0.2174,1,1,1
52.571,0.23023,1,1,1
28.012,0.27107,1,1,1
17.376,0.28858,1,1,1
17.763,0.30025,1,1,1
18.343,0.30491,1,1,1
20.083,0.31075,1,1,1
19.117,0.32942,1,1,1
24.144,0.34342,1,1,1
27.432,0.34576,1,1,1
31.299,0.32709,1,1,1
32.46,0.31775,1,1,1
36.134,0.32242,1,1,1
41.549,0.31542,1,1,1
45.223,0.30725,1,1,1
44.256,0.33059,1,1,1
44.256,0.35042,1,1,1
47.543,0.33875,1,1,1
49.477,0.33292,1,1,1
51.024,0.32358,1,1,1
54.892,0.31775,1,1,1
59.146,0.32592,1,1,1
59.146,0.29675,1,1,1
58.953,0.28858,1,1,1
61.66,0.29791,1,1,1
67.075,0.31892,1,1,1
71.909,0.27341,1,1,1
72.296,0.25824,1,1,1
65.914,0.25707,1,1,1
67.655,0.24774,1,1,1
68.428,0.24074,1,1,1
130.5,0.28508,1,1,1
124.9,0.31075,1,1,1
107.68,0.31542,1,1,1
104.4,0.28391,1,1,1
95.501,0.28508,1,1,1
96.662,0.30141,1,1,1
92.407,0.29325,1,1,1
89.12,0.29091,1,1,1
90.087,0.31542,1,1,1
89.893,0.33759,1,1,1
85.446,0.32475,1,1,1
80.998,0.31658,1,1,1
84.672,0.29908,1,1,1
75.003,0.34225,1,1,1
81.965,0.35042,1,1,1
78.871,0.36209,1,1,1
63.4,0.33525,1,1,1
60.306,0.34225,1,1,1
59.146,0.33642,1,1,1
48.897,0.36443,1,1,1
48.51,0.37843,1,1,1
48.123,0.39476,1,1,1
51.411,0.41344,1,1,1
58.373,0.4076,1,1,1
56.632,0.38893,1,1,1
58.953,0.37026,1,1,1
62.434,0.3796,1,1,1
39.808,0.42627,1,1,1
37.488,0.43327,1,1,1
37.101,0.45311,1,1,1
35.941,0.46244,1,1,1
34.587,0.47411,1,1,1
26.658,0.46244,1,1,1
18.536,0.43677,1,1,1
18.923,0.40877,1,1,1
17.183,0.39243,1,1,1
23.951,0.40993,1,1,1
11.768,0.45311,1,1,1
19.31,0.50679,1,1,1
25.691,0.53713,1,1,1
32.846,0.55463,1,1,1
34.587,0.51612,1,1,1
43.676,0.49278,1,1,1
43.482,0.45428,1,1,1
42.709,0.44611,1,1,1
48.897,0.49045,1,1,1
46.383,0.48578,1,1,1
44.256,0.5873,1,1,1
35.941,0.60247,1,1,1
33.04,0.59197,1,1,1
29.559,0.62464,1,1,1
40.775,0.61881,1,1,1
37.681,0.63514,1,1,1
46.576,0.68649,1,1,1
40.388,0.70516,1,1,1
6.5469,0.43094,1,1,2
7.9005,0.48578,1,1,2
11.575,0.56396,1,1,2
17.956,0.55696,1,1,2
11.961,0.52196,1,1,2
6.1601,0.61064,1,1,2
4.4197,0.62698,1,1,2
17.569,0.61531,1,1,2
17.569,0.62114,1,1,2
17.763,0.63048,1,1,2
18.536,0.63631,1,1,2
16.216,0.63981,1,1,2
22.404,0.65381,1,1,2
20.664,0.61414,1,1,2
24.531,0.64565,1,1,2
25.691,0.68532,1,1,2
22.791,0.68299,1,1,2
22.791,0.68999,1,1,2
17.763,0.69116,1,1,2
13.315,0.72966,1,1,2
6.5469,0.71566,1,1,2
7.9005,0.76117,1,1,2
21.63,0.746,1,1,2
25.111,0.71683,1,1,2
26.658,0.73083,1,1,2
47.93,0.71449,1,1,2
39.615,0.74016,1,1,2
40.388,0.7495,1,1,2
35.941,0.7635,1,1,2
34.587,0.77634,1,1,2
34.974,0.78101,1,1,2
36.134,0.79151,1,1,2
30.913,0.80318,1,1,2
30.526,0.76117,1,1,2
73.65,0.75767,1,1,2
49.67,0.74016,1,1,2
49.09,0.7635,1,1,2
89.893,0.81368,1,1,2
129.54,0.85919,1,1,2
137.46,0.88136,1,1,2
176.14,0.87903,1,1,2
132.24,0.88719,1,1,2
92.407,0.86035,1,1,2
23.564,0.75067,1,1,2
22.984,0.75884,1,1,2
21.05,0.76117,1,1,2
17.956,0.76934,1,1,2
18.536,0.81718,1,1,2
23.951,0.78217,1,1,2
25.498,0.77517,1,1,2
42.322,0.79618,1,1,2
41.162,0.86269,1,1,2
35.941,0.85802,1,1,2
28.979,0.86035,1,1,2
21.63,0.95371,1,1,2
54.892,0.86152,1,1,2
58.566,0.82185,1,1,2
63.787,0.82418,1,1,2
64.367,0.82885,1,1,2
66.688,0.84402,1,1,2
66.688,0.87669,1,1,2
60.306,0.87202,1,1,2
88.926,0.89536,1,1,2
97.242,0.88486,1,1,2
98.015,0.92337,1,1,2
87.573,0.9362,1,1,2
113.1,0.91753,1,1,2
134.95,0.92337,1,1,2
37.294,0.96771,1,1,2
59.726,0.95837,1,1,2
84.285,0.98988,1,1,2
220.42,0.88719,1,1,2
213.85,0.95137,1,1,2
31.88,0.61297,1,1,3
43.482,0.725,1,1,3
53.151,0.72616,1,1,3
53.345,0.4181,1,1,3
68.042,0.34576,1,1,3
53.925,0.16022,1,1,4
50.251,0.11588,1,1,4
58.953,0.13338,1,1,4
72.489,0.36093,1,1,3
94.148,0.32358,1,1,3
121.41,0.20923,1,1,4
31.493,0.65848,1,1,3
33.233,0.64798,1,1,3
31.106,0.64215,1,1,3
33.427,0.63048,1,1,3
34.974,0.62231,1,1,3
32.653,0.58263,1,1,3
35.941,0.54529,1,1,3
39.421,0.56396,1,1,3
41.549,0.55113,1,1,3
41.742,0.51962,1,1,3
39.228,0.50095,1,1,3
44.062,0.44844,1,1,3
46.576,0.44144,1,1,3
49.67,0.4216,1,1,3
55.665,0.38776,1,1,3
65.721,0.35626,1,1,3
83.318,0.33175,1,1,3
45.996,0.48345,1,1,3
47.93,0.47528,1,1,3
55.278,0.45311,1,1,3
61.66,0.44728,1,1,3
49.284,0.54413,1,1,3
51.604,0.53129,1,1,3
53.925,0.52896,1,1,3
53.925,0.5663,1,1,3
53.925,0.59547,1,1,3
45.416,0.5978,1,1,3
46.19,0.60247,1,1,3
42.322,0.60597,1,1,3
45.416,0.61531,1,1,3
41.162,0.70516,1,1,3
42.515,0.66198,1,1,3
43.869,0.63281,1,1,3
50.444,0.63514,1,1,3
55.085,0.63164,1,1,3
60.113,0.61881,1,1,3
59.533,0.60597,1,1,3
58.759,0.59547,1,1,3
67.461,0.59314,1,1,3
42.709,0.73433,1,1,3
45.996,0.75067,1,1,3
46.963,0.75767,1,1,3
47.93,0.73783,1,1,3
55.085,0.74483,1,1,3
61.273,0.75417,1,1,3
60.306,0.71566,1,1,3
58.566,0.65848,1,1,3
46.963,0.66432,1,1,3
50.444,0.68182,1,1,3
63.014,0.66898,1,1,3
57.792,0.68182,1,1,3
74.81,0.68182,1,1,3
81.771,0.69349,1,1,3
89.12,0.70399,1,1,3
88.926,0.68299,1,1,3
92.987,0.68182,1,1,3
84.866,0.65498,1,1,3
72.683,0.61297,1,1,3
67.461,0.60714,1,1,3
74.423,0.61181,1,1,3
70.555,0.5593,1,1,3
61.853,0.50795,1,1,3
58.566,0.49979,1,1,3
63.787,0.47995,1,1,3
67.655,0.46828,1,1,3
72.102,0.48228,1,1,3
75.39,0.47761,1,1,3
77.517,0.47178,1,1,3
69.589,0.4041,1,1,3
73.843,0.4146,1,1,3
74.616,0.39243,1,1,3
92.214,0.38543,1,1,3
98.209,0.37493,1,1,3
97.435,0.41227,1,1,3
108.84,0.37376,1,1,3
115.03,0.32825,1,1,3
117.93,0.29208,1,1,3
133.21,0.28974,1,1,3
134.76,0.39476,1,1,3
134.37,0.40877,1,1,3
134.37,0.4251,1,1,3
112.52,0.44144,1,1,3
92.214,0.43794,1,1,3
83.705,0.44961,1,1,3
91.827,0.49162,1,1,3
95.115,0.47528,1,1,3
105.56,0.53713,1,1,3
34.974,-0.0019783,1,1,4
32.46,-0.00081141,1,1,4
31.686,0.010858,1,1,4
34.587,0.019026,1,1,4
33.04,0.050532,1,1,4
35.167,0.080871,1,1,4
40.195,0.048198,1,1,4
42.709,0.016692,1,1,4
41.549,-0.00081141,1,1,4
50.444,0.00035548,1,1,4
48.317,0.0085237,1,1,4
45.803,0.035362,1,1,4
52.184,0.028361,1,1,4
51.991,0.068035,1,1,4
54.698,0.084372,1,1,4
45.609,0.10188,1,1,4
53.731,0.12638,1,1,4
60.306,0.12055,1,1,4
60.113,0.10888,1,1,4
62.627,0.090206,1,1,4
62.434,0.0587,1,1,4
66.881,0.050532,1,1,4
69.589,0.048198,1,1,4
65.528,0.013191,1,1,4
68.042,0.0096906,1,1,4
70.749,0.016692,1,1,4
77.71,0.015525,1,1,4
87.573,0.0061899,1,1,4
75.777,0.068035,1,1,4
73.456,0.082038,1,1,4
69.395,0.066868,1,1,4
68.622,0.07387,1,1,4
65.141,0.12288,1,1,4
69.975,0.13922,1,1,4
74.81,0.16955,1,1,4
81.578,0.15088,1,1,4
84.092,0.097208,1,1,4
84.285,0.063368,1,1,4
94.921,0.04353,1,1,4
89.313,0.099541,1,1,4
84.866,0.17189,1,1,4
92.794,0.17189,1,1,4
95.308,0.16022,1,1,4
93.374,0.094874,1,1,4
96.275,0.084372,1,1,4
96.662,0.098374,1,1,4
106.72,0.0587,1,1,4
112.52,0.051699,1,1,4
119.29,0.012024,1,1,4
121.99,0.035362,1,1,4
120.45,0.072703,1,1,4
125.09,0.090206,1,1,4
129.15,0.10888,1,1,4
117.55,0.13805,1,1,4
109.42,0.17189,1,1,4
97.242,0.18472,1,1,4
125.86,0.19173,1,1,4
121.41,0.14272,1,1,4
126.83,0.14505,1,1,4
131.47,0.13105,1,1,4
131.66,0.11121,1,1,4
135.14,0.11004,1,1,4
131.66,0.056366,1,1,4
141.14,0.083205,1,1,4
180.98,0.10304,1,1,4
184.65,0.07387,1,1,4
132.82,0.37843,1,1,3
126.25,0.068035,1,1,4
129.34,0.029528,1,1,4
128.96,0.53129,1,1,3
125.86,0.51729,1,1,3
55.278,0.71449,1,1,3
70.362,0.75067,1,1,3
35.36,0.66548,1,1,3
35.941,0.67832,1,1,3
50.057,0.61297,1,1,3
47.93,0.64798,1,1,3
51.798,0.68182,1,1,3
54.892,0.68065,1,1,3
58.759,0.68065,1,1,3
61.08,0.63865,1,1,3
61.08,0.56746,1,1,3
70.169,0.52196,1,1,3
74.616,0.54063,1,1,3
67.268,0.58147,1,1,3
69.395,0.5873,1,1,3
66.688,0.65498,1,1,3
67.461,0.66082,1,1,3
65.334,0.68999,1,1,3
63.981,0.70166,1,1,3
70.169,0.69232,1,1,3
76.357,0.67599,1,1,3
74.81,0.64681,1,1,3
82.932,0.53129,1,1,3
92.407,0.56863,1,1,3
100.34,0.56863,1,1,3
85.446,0.62231,1,1,3
91.247,0.64681,1,1,3
97.822,0.67249,1,1,3
117.35,0.32475,1,1,3
151.19,0.11004,1,1,4
38.261,0.60597,1,1,3
42.515,0.5943,1,1,3
114.84,0.55696,1,1,3
112.33,0.59197,1,1,3
129.15,0.73433,1,1,3
127.22,0.7705,1,1,3
94.921,0.7635,1,1,3
110.2,0.71449,1,1,3
106.72,0.67365,1,1,3
110.39,0.66315,1,1,3
80.611,0.7705,1,1,3
113.29,0.62348,1,1,3
86.799,0.74367,1,1,3
128.38,0.66782,1,1,3
20.811,0.72296,0.5,1,1
28.973,0.72486,0.5,1,1
36.496,0.70019,0.5,1,1
47.819,0.75332,0.5,1,1
49.269,0.71727,0.5,1,1
55.949,0.67742,0.5,1,1
64.725,0.64706,0.5,1,1
63.25,0.62239,0.5,1,1
69.321,0.62808,0.5,1,1
69.521,0.60531,0.5,1,1
69.506,0.56926,0.5,1,1
68.663,0.55598,0.5,1,1
73.07,0.58444,0.5,1,1
76.406,0.55598,0.5,1,1
77.862,0.5351,0.5,1,1
77.639,0.50095,0.5,1,1
85.19,0.54269,0.5,1,1
100.03,0.49146,0.5,1,1
98.55,0.4649,0.5,1,1
97.915,0.44782,0.5,1,1
94.567,0.44782,0.5,1,1
96.856,0.41746,0.5,1,1
103.59,0.49526,0.5,1,1
106.09,0.48577,0.5,1,1
105.46,0.4649,0.5,1,1
106.07,0.43454,0.5,1,1
104.39,0.40797,0.5,1,1
113.4,0.45351,0.5,1,1
119.45,0.40987,0.5,1,1
128.45,0.40797,0.5,1,1
137.65,0.3814,0.5,1,1
143.72,0.39279,0.5,1,1
146,0.32638,0.5,1,1
121.95,0.36243,0.5,1,1
127.59,0.33776,0.5,1,1
133.43,0.29791,0.5,1,1
108.14,0.37002,0.5,1,1
118.16,0.31499,0.5,1,1
105.2,0.35863,0.5,1,1
46.126,0.70778,0.5,1,1
43.608,0.6926,0.5,1,1
53.219,0.65655,0.5,1,1
55.499,0.60342,0.5,1,1
29.169,0.6926,0.5,1,1
24.981,0.68691,0.5,1,1
53.371,0.018975,0.5,1,1
56.106,0.053131,0.5,1,1
55.907,0.077799,0.5,1,1
58.82,0.037951,0.5,1,1
62.382,0.047438,0.5,1,1
63.224,0.060721,0.5,1,1
65.739,0.068311,0.5,1,1
64.082,0.11006,0.5,1,1
65.763,0.12713,0.5,1,1
64.508,0.12903,0.5,1,1
68.677,0.089184,0.5,1,1
76.215,0.10057,0.5,1,1
80.387,0.068311,0.5,1,1
83.971,0.13093,0.5,1,1
88.374,0.14991,0.5,1,1
91.7,0.096774,0.5,1,1
92.948,0.079696,0.5,1,1
93.151,0.064516,0.5,1,1
96.513,0.096774,0.5,1,1
97.984,0.11195,0.5,1,1
99.022,0.091082,0.5,1,1
104.04,0.072106,0.5,1,1
107.39,0.091082,0.5,1,1
110.33,0.11006,0.5,1,1
95.479,0.12713,0.5,1,1
98.633,0.16129,0.5,1,1
98.644,0.18975,0.5,1,1
94.667,0.18596,0.5,1,1
101.99,0.18406,0.5,1,1
103.87,0.16888,0.5,1,1
105.96,0.16129,0.5,1,1
108.06,0.17457,0.5,1,1
118.73,0.18027,0.5,1,1
113.09,0.20873,0.5,1,1
112.48,0.25047,0.5,1,1
116.88,0.25806,0.5,1,1
118.54,0.22011,0.5,1,1
122.1,0.2296,0.5,1,1
126.68,0.17837,0.5,1,1
130.67,0.20683,0.5,1,1
132.35,0.21632,0.5,1,1
25.594,0.65085,0.5,1,1
28.52,0.64137,0.5,1,1
26.421,0.62619,0.5,1,1
26.621,0.60531,0.5,1,1
24.729,0.58444,0.5,1,1
27.016,0.54839,0.5,1,1
27.007,0.52751,0.5,1,1
30.78,0.54269,0.5,1,1
32.039,0.55028,0.5,1,1
33.063,0.49715,0.5,1,1
36.845,0.53321,0.5,1,1
43.97,0.55598,0.5,1,1
44.394,0.56926,0.5,1,1
41.27,0.60531,0.5,1,1
44.835,0.62429,0.5,1,1
44.219,0.65275,0.5,1,1
42.135,0.67173,0.5,1,1
49.839,0.57875,0.5,1,1
49.2,0.55218,0.5,1,1
64.454,0.49905,0.5,1,1
80.121,0.43264,0.5,1,1
86.401,0.43643,0.5,1,1
86.601,0.41556,0.5,1,1
84.074,0.37761,0.5,1,1
96.623,0.36053,0.5,1,1
96.822,0.33586,0.5,1,1
99.925,0.25047,0.5,1,1
91.169,0.32827,0.5,1,1
86.509,0.19545,0.5,1,1
80.873,0.2296,0.5,1,1
68.932,0.19924,0.5,1,1
67.122,0.37381,0.5,1,1
63.149,0.3814,0.5,1,1
66.096,0.42315,0.5,1,1
40.764,0.39658,0.5,1,1
32.395,0.40038,0.5,1,1
25.923,0.43833,0.5,1,1
19.19,0.35104,0.5,1,1
26.518,0.35863,0.5,1,1
29.853,0.32827,0.5,1,1
55.392,0.34725,0.5,1,1
56.009,0.32258,0.5,1,1
49.928,0.29222,0.5,1,1
46.993,0.28083,0.5,1,1
40.713,0.27514,0.5,1,1
38.62,0.27324,0.5,1,1
28.144,0.24478,0.5,1,1
21.651,0.2296,0.5,1,1
37.556,0.2315,0.5,1,1
41.33,0.24858,0.5,1,1
42.583,0.24288,0.5,1,1
32.927,0.17268,0.5,1,1
53.838,0.13472,0.5,1,1
29.99,0.1556,0.5,1,1
27.26,0.13093,0.5,1,1
24.521,0.087287,0.5,1,1
28.269,0.041746,0.5,1,1
30.575,0.051233,0.5,1,1
36.238,0.083491,0.5,1,1
43.144,0.083491,0.5,1,1
43.127,0.043643,0.5,1,1
36.851,0.047438,0.5,1,1
47.31,0.036053,0.5,1,1
44.996,0.0075901,0.5,1,1
40.605,0.017078,0.5,1,1
36.207,0.0094877,0.5,1,1
34.329,0.02277,0.5,1,1
32.438,0.0037951,0.5,1,1
29.725,0.020873,0.5,1,1
29.091,0.0075901,0.5,1,1
19.872,0.75675,0.5,1,2
20.297,0.73171,0.5,1,2
26.111,0.73303,0.5,1,2
29.459,0.7462,0.5,1,2
31.93,0.74884,0.5,1,2
32.809,0.76465,0.5,1,2
32.82,0.79233,0.5,1,2
24.532,0.78047,0.5,1,2
26.861,0.78969,0.5,1,2
26.571,0.79233,0.5,1,2
27.013,0.80682,0.5,1,2
17.992,0.77915,0.5,1,2
37.902,0.78047,0.5,1,2
41.964,0.76334,0.5,1,2
43.268,0.75543,0.5,1,2
43.718,0.78705,0.5,1,2
47.063,0.79496,0.5,1,2
43.725,0.8055,0.5,1,2
60.002,0.80682,0.5,1,2
60.59,0.82263,0.5,1,2
65.252,0.84899,0.5,1,2
67.874,0.8648,0.5,1,2
71.358,0.85689,0.5,1,2
94.761,0.86875,0.5,1,2
138.23,0.90038,0.5,1,2
127.48,0.92015,0.5,1,2
129.81,0.93464,0.5,1,2
141.46,0.97681,0.5,1,2
104.83,0.97681,0.5,1,2
92.337,0.97944,0.5,1,2
79.386,0.93859,0.5,1,2
79.231,0.91751,0.5,1,2
68.462,0.88061,0.5,1,2
57.831,0.8279,0.5,1,2
56.535,0.85558,0.5,1,2
57.702,0.86612,0.5,1,2
41.411,0.83186,0.5,1,2
42.14,0.83845,0.5,1,2
41.42,0.85294,0.5,1,2
36.46,0.80814,0.5,1,2
33.418,0.83186,0.5,1,2
26.736,0.83845,0.5,1,2
22.386,0.86217,0.5,1,2
17.437,0.8424,0.5,1,2
32.285,0.90301,0.5,1,2
30.975,0.89643,0.5,1,2
30.11,0.91356,0.5,1,2
30.55,0.92278,0.5,1,2
32.299,0.93464,0.5,1,2
22.705,0.92937,0.5,1,2
26.936,0.9689,0.5,1,2
19.819,0.97944,0.5,1,2
37.079,0.89906,0.5,1,2
43.335,0.91356,0.5,1,2
45.645,0.8793,0.5,1,2
67.492,0.99394,0.5,1,2
31.88,0.61297,0.5,1,3
43.482,0.725,0.5,1,3
53.151,0.72616,0.5,1,3
53.345,0.4181,0.5,1,3
68.042,0.34576,0.5,1,3
53.925,0.16022,0.5,1,4
50.251,0.11588,0.5,1,4
58.953,0.13338,0.5,1,4
72.489,0.36093,0.5,1,3
94.148,0.32358,0.5,1,3
121.41,0.20923,0.5,1,4
31.493,0.65848,0.5,1,3
33.233,0.64798,0.5,1,3
31.106,0.64215,0.5,1,3
33.427,0.63048,0.5,1,3
34.974,0.62231,0.5,1,3
32.653,0.58263,0.5,1,3
35.941,0.54529,0.5,1,3
39.421,0.56396,0.5,1,3
41.549,0.55113,0.5,1,3
41.742,0.51962,0.5,1,3
39.228,0.50095,0.5,1,3
44.062,0.44844,0.5,1,3
46.576,0.44144,0.5,1,3
49.67,0.4216,0.5,1,3
55.665,0.38776,0.5,1,3
65.721,0.35626,0.5,1,3
83.318,0.33175,0.5,1,3
45.996,0.48345,0.5,1,3
47.93,0.47528,0.5,1,3
55.278,0.45311,0.5,1,3
61.66,0.44728,0.5,1,3
49.284,0.54413,0.5,1,3
51.604,0.53129,0.5,1,3
53.925,0.52896,0.5,1,3
53.925,0.5663,0.5,1,3
53.925,0.59547,0.5,1,3
45.416,0.5978,0.5,1,3
46.19,0.60247,0.5,1,3
42.322,0.60597,0.5,1,3
45.416,0.61531,0.5,1,3
41.162,0.70516,0.5,1,3
42.515,0.66198,0.5,1,3
43.869,0.63281,0.5,1,3
50.444,0.63514,0.5,1,3
55.085,0.63164,0.5,1,3
60.113,0.61881,0.5,1,3
59.533,0.60597,0.5,1,3
58.759,0.59547,0.5,1,3
67.461,0.59314,0.5,1,3
42.709,0.73433,0.5,1,3
45.996,0.75067,0.5,1,3
46.963,0.75767,0.5,1,3
47.93,0.73783,0.5,1,3
55.085,0.74483,0.5,1,3
61.273,0.75417,0.5,1,3
60.306,0.71566,0.5,1,3
58.566,0.65848,0.5,1,3
46.963,0.66432,0.5,1,3
50.444,0.68182,0.5,1,3
63.014,0.66898,0.5,1,3
57.792,0.68182,0.5,1,3
74.81,0.68182,0.5,1,3
81.771,0.69349,0.5,1,3
89.12,0.70399,0.5,1,3
88.926,0.68299,0.5,1,3
92.987,0.68182,0.5,1,3
84.866,0.65498,0.5,1,3
72.683,0.61297,0.5,1,3
67.461,0.60714,0.5,1,3
74.423,0.61181,0.5,1,3
70.555,0.5593,0.5,1,3
61.853,0.50795,0.5,1,3
58.566,0.49979,0.5,1,3
63.787,0.47995,0.5,1,3
67.655,0.46828,0.5,1,3
72.102,0.48228,0.5,1,3
75.39,0.47761,0.5,1,3
77.517,0.47178,0.5,1,3
69.589,0.4041,0.5,1,3
73.843,0.4146,0.5,1,3
74.616,0.39243,0.5,1,3
92.214,0.38543,0.5,1,3
98.209,0.37493,0.5,1,3
97.435,0.41227,0.5,1,3
108.84,0.37376,0.5,1,3
115.03,0.32825,0.5,1,3
117.93,0.29208,0.5,1,3
133.21,0.28974,0.5,1,3
134.76,0.39476,0.5,1,3
134.37,0.40877,0.5,1,3
134.37,0.4251,0.5,1,3
112.52,0.44144,0.5,1,3
92.214,0.43794,0.5,1,3
83.705,0.44961,0.5,1,3
91.827,0.49162,0.5,1,3
95.115,0.47528,0.5,1,3
105.56,0.53713,0.5,1,3
34.974,-0.0019783,0.5,1,4
32.46,-0.00081141,0.5,1,4
31.686,0.010858,0.5,1,4
34.587,0.019026,0.5,1,4
33.04,0.050532,0.5,1,4
35.167,0.080871,0.5,1,4
40.195,0.048198,0.5,1,4
42.709,0.016692,0.5,1,4
41.549,-0.00081141,0.5,1,4
50.444,0.00035548,0.5,1,4
48.317,0.0085237,0.5,1,4
45.803,0.035362,0.5,1,4
52.184,0.028361,0.5,1,4
51.991,0.068035,0.5,1,4
54.698,0.084372,0.5,1,4
45.609,0.10188,0.5,1,4
53.731,0.12638,0.5,1,4
60.306,0.12055,0.5,1,4
60.113,0.10888,0.5,1,4
62.627,0.090206,0.5,1,4
62.434,0.0587,0.5,1,4
66.881,0.050532,0.5,1,4
69.589,0.048198,0.5,1,4
65.528,0.013191,0.5,1,4
68.042,0.0096906,0.5,1,4
70.749,0.016692,0.5,1,4
77.71,0.015525,0.5,1,4
87.573,0.0061899,0.5,1,4
75.777,0.068035,0.5,1,4
73.456,0.082038,0.5,1,4
69.395,0.066868,0.5,1,4
68.622,0.07387,0.5,1,4
65.141,0.12288,0.5,1,4
69.975,0.13922,0.5,1,4
74.81,0.16955,0.5,1,4
81.578,0.15088,0.5,1,4
84.092,0.097208,0.5,1,4
84.285,0.063368,0.5,1,4
94.921,0.04353,0.5,1,4
89.313,0.099541,0.5,1,4
84.866,0.17189,0.5,1,4
92.794,0.17189,0.5,1,4
95.308,0.16022,0.5,1,4
93.374,0.094874,0.5,1,4
96.275,0.084372,0.5,1,4
96.662,0.098374,0.5,1,4
106.72,0.0587,0.5,1,4
112.52,0.051699,0.5,1,4
119.29,0.012024,0.5,1,4
121.99,0.035362,0.5,1,4
120.45,0.072703,0.5,1,4
125.09,0.090206,0.5,1,4
129.15,0.10888,0.5,1,4
117.55,0.13805,0.5,1,4
109.42,0.17189,0.5,1,4
97.242,0.18472,0.5,1,4
125.86,0.19173,0.5,1,4
121.41,0.14272,0.5,1,4
126.83,0.14505,0.5,1,4
131.47,0.13105,0.5,1,4
131.66,0.11121,0.5,1,4
135.14,0.11004,0.5,1,4
131.66,0.056366,0.5,1,4
141.14,0.083205,0.5,1,4
180.98,0.10304,0.5,1,4
184.65,0.07387,0.5,1,4
132.82,0.37843,0.5,1,3
126.25,0.068035,0.5,1,4
129.34,0.029528,0.5,1,4
128.96,0.53129,0.5,1,3
125.86,0.51729,0.5,1,3
55.278,0.71449,0.5,1,3
70.362,0.75067,0.5,1,3
35.36,0.66548,0.5,1,3
35.941,0.67832,0.5,1,3
50.057,0.61297,0.5,1,3
47.93,0.64798,0.5,1,3
51.798,0.68182,0.5,1,3
54.892,0.68065,0.5,1,3
58.759,0.68065,0.5,1,3
61.08,0.63865,0.5,1,3
61.08,0.56746,0.5,1,3
70.169,0.52196,0.5,1,3
74.616,0.54063,0.5,1,3
67.268,0.58147,0.5,1,3
69.395,0.5873,0.5,1,3
66.688,0.65498,0.5,1,3
67.461,0.66082,0.5,1,3
65.334,0.68999,0.5,1,3
63.981,0.70166,0.5,1,3
70.169,0.69232,0.5,1,3
76.357,0.67599,0.5,1,3
74.81,0.64681,0.5,1,3
82.932,0.53129,0.5,1,3
92.407,0.56863,0.5,1,3
100.34,0.56863,0.5,1,3
85.446,0.62231,0.5,1,3
91.247,0.64681,0.5,1,3
97.822,0.67249,0.5,1,3
117.35,0.32475,0.5,1,3
151.19,0.11004,0.5,1,4
38.261,0.60597,0.5,1,3
42.515,0.5943,0.5,1,3
82.851,0.20458,1,1,1
82.918,0.28802,1,1,1
53.19,0.28668,1,1,1
53.208,0.30956,1,1,1
41.736,0.34859,1,1,1
29.365,0.40377,1,1,1
22.607,0.49798,1,1,1
19.666,0.52355,1,1,1
19.732,0.607,1,1,1
8.8639,0.54643,1,1,1
8.9928,0.56528,1,1,1
9.1486,0.61777,1,1,1
8.9454,0.64872,1,1,1
9.2269,0.71602,1,1,1
9.0635,0.79677,1,1,1
6.9823,0.75774,1,1,1
5.1256,0.71467,1,1,1
5.058,0.62988,1,1,1
7.2222,0.48721,1,1,1
8.9749,0.25707,1,1,1
14.102,0.25976,1,1,1
14.092,0.2463,1,1,1
9.0782,0.10094,1,1,1
16.173,0,1,1,1
22.727,0.078062,1,1,1
19.786,0.10363,1,1,1
14.108,0.12382,1,1,1
22.449,0.15747,1,1,1
22.489,0.20727,1,1,1
29.316,0.19919,1,1,1
34.197,0.179,1,1,1
34.177,0.15343,1,1,1
29.244,0.25168,1,1,1
29.28,0.29744,1,1,1
23.187,0.36878,1,1,1
22.523,0.393,1,1,1
34.295,0.30148,1,1,1
7.0241,0.81023,1,1,3
7.0123,0.79542,1,1,3
8.97,0.82234,1,1,3
9.1719,0.93271,1,1,3
22.598,0.91521,1,1,3
22.572,0.88291,1,1,3
19.63,0.76447,1,1,3
19.777,0.66353,1,1,3
22.551,0.57066,1,1,3
29.304,0.46972,1,1,3
29.368,0.55047,1,1,3
34.115,0.79004,1,1,3
34.229,0.79004,1,1,3
34.222,0.49529,1,1,3
41.798,0.42665,1,1,3
53.383,0.38627,1,1,3
41.971,0.35801,1,1,3
53.234,0.34186,1,1,3
82.815,0.30283,1,1,3
82.805,0.43203,1,1,3
82.72,0.75505,1,1,3
53.18,0.70256,1,1,3
53.363,0.50336,1,1,3
18.792,-0.0013459,1,1,4
22.59,0.048452,1,1,4
23.275,0.051144,1,1,4
29.263,0.13324,1,1,4
34.133,0.09825,1,1,4
39.83,0.10094,1,1,4
53.098,0.17093,1,1,4
82.709,0.16958,1,1,4
83.021,0.1319,1,1,4
82.71,0.028264,1,1,4
100.04,0.048452,1,1,4
96.583,0,1,1,4
82.57,-0.0053836,1,1,4
82.81,0.010767,1,1,4
80.297,0.0013459,1,1,4
69.475,-0.0013459,1,1,4
52.958,-0.0040377,1,1,4
52.971,0.012113,1,1,4
44.419,0,1,1,4
39.295,0.0013459,1,1,4
29.042,-0.0013459,1,1,4
29.305,0.043069,1,1,4
23.691,0.0013459,1,1,4
22.21,0,1,1,4
7.7801,0.71509,0.75,1,1
17.221,0.54617,0.75,1,1
17.207,0.46892,0.75,1,1
35.427,0.49799,0.75,1,1
21.42,0.59795,0.75,1,1
21.419,0.59151,0.75,1,1
30.157,0.56203,0.75,1,1
56.901,0.38778,0.75,1,1
56.875,0.2483,0.75,1,1
35.212,0.31343,0.75,1,1
29.183,0.21647,0.75,1,1
29.53,0.12207,0.75,1,1
99.504,0.27679,0.75,1,1
99.305,0.1888,0.75,1,1
8.01,0.97691,0.75,1,3
21.479,0.91984,0.75,1,3
57.001,0.93715,0.75,1,3
56.813,0.90709,0.75,1,3
56.805,0.86417,0.75,1,3
35.296,0.77695,0.75,1,3
21.449,0.7546,0.75,1,3
21.612,0.65375,0.75,1,3
35.278,0.67824,0.75,1,3
30.17,0.63714,0.75,1,3
29.076,0.62848,0.75,1,3
17.232,0.60626,0.75,1,3
21.608,0.63229,0.75,1,3
35.262,0.58811,0.75,1,3
35.269,0.62673,0.75,1,3
35.267,0.61815,0.75,1,3
56.726,0.42854,0.75,1,3
56.719,0.39206,0.75,1,3
99.165,0.41626,0.75,1,3
30.264,0.15216,0.75,1,4
56.685,0.20107,0.75,1,4
56.679,0.16888,0.75,1,4
61.949,0.10055,0.75,1,4
21.858,0.0035531,0.75,1,4
30.601,0.0019701,0.75,1,4
46.266,0.0051245,0.75,1,4
57.017,0.022984,0.75,1,4
56.833,0.014388,0.75,1,4
62.116,0.01902,0.75,1,4
61.931,0.0018411,0.75,1,4
75.775,0.0070242,0.75,1,4
95.447,0.0082906,0.75,1,4
99.09,0.0085252,0.75,1,4
99.279,0.045018,0.75,1,4
99.489,0.19739,0.75,1,4
12.552,0.041667,0.5,1,1
12.566,0.067103,0.5,1,1
12.576,0.084506,0.5,1,1
21.792,0.015017,0.5,1,1
26.638,0.003034,0.5,1,1
68.808,0.1281,0.5,1,1
68.759,0.24055,0.5,1,1
68.778,0.27401,0.5,1,1
68.884,0.46277,0.5,1,1
39.764,0.46238,0.5,1,1
40.012,0.5012,0.5,1,1
34.353,0.47436,0.5,1,1
25.321,0.66834,0.5,1,1
25.284,0.80355,0.5,1,1
21.967,0.72586,0.5,1,1
12.457,0.87433,0.5,1,1
12.75,0.99214,0.5,1,1
21.918,0.63885,0.5,1,1
21.901,0.6094,0.5,1,1
26.736,0.57599,0.5,1,1
25.147,0.55991,0.5,1,1
21.758,0.55585,0.5,1,1
21.75,0.54112,0.5,1,1
21.857,0.53041,0.5,1,1
25.244,0.53314,0.5,1,1
26.472,0.50772,0.5,1,1
25.11,0.49565,0.5,1,1
12.656,0.42721,0.5,1,1
12.397,0.36831,0.5,1,1
12.474,0.30405,0.5,1,1
12.564,0.26389,0.5,1,1
12.52,0.18491,0.5,1,1
21.822,0.068565,0.5,1,1
21.851,0.11944,0.5,1,1
22.001,0.18503,0.5,1,1
21.814,0.25464,0.5,1,1
21.944,0.28543,0.5,1,1
25.245,0.33501,0.5,1,1
25.153,0.37115,0.5,1,1
25.164,0.39123,0.5,1,1
25.17,0.4006,0.5,1,1
24.956,0.42202,0.5,1,1
34.358,0.28158,0.5,1,1
39.893,0.28969,0.5,1,1
39.877,0.26292,0.5,1,1
34.317,0.20929,0.5,1,1
25.265,0.16901,0.5,1,1
25.364,0.14492,0.5,1,1
25.113,0.10074,0.5,1,1
25.331,0.086015,0.5,1,1
25.203,0.05924,0.5,1,1
12.634,0.98812,0.5,1,3
25.342,0.90529,0.5,1,3
22.164,0.87446,0.5,1,3
21.928,0.85705,0.5,1,3
22.145,0.84099,0.5,1,3
25.304,0.83836,0.5,1,3
25.41,0.82631,0.5,1,3
26.626,0.78081,0.5,1,3
25.158,0.78079,0.5,1,3
25.263,0.76607,0.5,1,3
25.367,0.75,0.5,1,3
34.321,0.81706,0.5,1,3
39.838,0.79304,0.5,1,3
68.85,0.8028,0.5,1,3
68.876,0.64751,0.5,1,3
68.869,0.63546,0.5,1,3
68.846,0.5953,0.5,1,3
39.893,0.68996,0.5,1,3
39.798,0.72209,0.5,1,3
26.525,0.60143,0.5,1,3
39.79,0.5079,0.5,1,3
39.889,0.48246,0.5,1,3
34.453,0.4516,0.5,1,3
30.477,0.0057627,0.5,1,4
31.378,0.0017587,0.5,1,4
39.987,0.05676,0.5,1,4
39.729,0.00053185,0.5,1,4
56.095,0.00075094,0.5,1,4
65.013,0.002209,0.5,1,4
69.074,-0.000414,0.5,1,4
68.762,0.046436,0.5,1,4
68.798,0.11069,0.5,1,4
99.096,-0.0013508,0.5,1,4
2.2726,0.86236,1,1,1
1.6782,0.74351,1,1,1
2.9139,0.69916,1,1,1
4.2154,0.66414,1,1,1
5.8425,0.62444,1,1,1
2.1915,0.61761,1,1,1
1.4709,0.56403,1,1,1
3.1652,0.55463,1,1,1
3.4275,0.57793,1,1,1
4.9272,0.58252,1,1,1
4.9237,0.52891,1,1,1
4.7907,0.48929,1,1,1
2.9642,0.47072,1,1,1
3.6149,0.45205,1,1,1
4.3341,0.48465,1,1,1
7.9321,0.67795,1,1,1
8.9066,0.62662,1,1,1
9.7546,0.63591,1,1,1
11.188,0.62652,1,1,1
16.922,0.57963,1,1,1
9.4872,0.53336,1,1,1
10.983,0.47734,1,1,1
10.653,0.41442,1,1,1
5.6295,0.35638,1,1,1
4.6438,0.23521,1,1,1
8.6902,0.30729,1,1,1
11.884,0.29315,1,1,1
14.953,0.37459,1,1,1
23.302,0.45579,1,1,1
19.709,0.34174,1,1,1
28.639,0.32034,1,1,1
33.332,0.3108,1,1,1
39.98,0.29884,1,1,1
23.939,0.22965,1,1,1
18.726,0.25088,1,1,1
10.055,0.25128,1,1,1
10.837,0.24425,1,1,1
11.488,0.2279,1,1,1
16.694,0.083138,1,1,1
8.9418,0.16742,1,1,1
7.3075,0.097561,1,1,1
11.086,0.064751,1,1,1
15.777,0.020243,1,1,1
16.428,0.0062271,1,1,1
3.707,0.86463,1,1,2
2.7252,0.80407,1,1,2
3.8299,0.7504,1,1,2
6.4415,0.81322,1,1,2
8.3335,0.83644,1,1,2
24.83,0.89861,1,1,2
13.802,0.72197,1,1,2
13.409,0.69634,1,1,2
12.106,0.7034,1,1,2
9.1705,0.67556,1,1,2
8.654,0.75251,1,1,2
7.3484,0.7246,1,1,2
4.6109,0.73172,1,1,2
2.8457,0.65255,1,1,2
5.2624,0.7247,1,1,2
5.6521,0.7037,1,1,2
5.1946,0.68507,1,1,2
5.2575,0.6501,1,1,2
19.991,0.65874,1,1,3
25.149,0.77971,1,1,3
24.357,0.63756,1,1,3
24.552,0.6259,1,1,3
24.813,0.62588,1,1,3
25.986,0.62816,1,1,3
27.158,0.60946,1,1,3
27.412,0.50222,1,1,3
24.407,0.40446,1,1,3
21.733,0.38826,1,1,3
37.18,0.34792,1,1,3
46.767,0.41274,1,1,3
47.041,0.6062,1,1,3
38.409,0.19401,1,1,4
21.915,0.1738,1,1,4
18.844,0.071383,1,1,4
19.427,0.01308,1,1,4
23.665,0.026869,1,1,4
31.032,0.03818,1,1,4
30.186,0.052206,1,1,4
27.452,0.11993,1,1,4
24.715,0.12239,1,1,4
24.129,0.14573,1,1,4
24.132,0.18069,1,1,4
24.851,0.21796,1,1,4
25.565,0.16664,1,1,4
28.693,0.15251,1,1,4
45.246,0.070152,1,1,4
0.49539,0.41853,1,2.7,1
0.55517,0.39137,1,2.7,1
1.7965,0.21032,1,2.7,1
0.53143,0.20359,1,2.7,1
1.854,0.16507,1,2.7,1
0.5812,0.097256,1,2.7,1
3.1025,0.040581,1,2.7,1
6.4509,0.026855,1,2.7,1
5.5068,0.058571,1,2.7,1
6.8368,0.078873,1,2.7,1
7.5936,0.065264,1,2.7,1
7.7249,0.10372,1,2.7,1
6.4055,0.16713,1,2.7,1
6.7873,0.18747,1,2.7,1
7.2958,0.21007,1,2.7,1
6.8628,0.28475,1,2.7,1
8.6379,0.3254,1,2.7,1
9.141,0.30501,1,2.7,1
10.919,0.36602,1,2.7,1
11.672,0.323,1,2.7,1
12.879,0.37498,1,2.7,1
14.42,0.062693,1,2.7,1
14.477,0.015179,1,2.7,1
15.87,0.035478,1,2.7,1
19.356,0.10319,1,2.7,1
19.489,0.15522,1,2.7,1
16.121,0.5151,1,2.7,1
20.543,0.49681,1,2.7,1
23.562,0.37223,1,2.7,1
25.389,0.32917,1,2.7,1
26.147,0.32008,1,2.7,1
23.663,0.17313,1,2.7,1
19.348,0.042108,1,2.7,1
20.421,0.03301,1,2.7,1
20.292,0.0058663,1,2.7,1
19.788,0.023989,1,2.7,1
28.087,0.16841,1,2.7,1
28.09,0.19556,1,2.7,1
31.579,0.28816,1,2.7,1
31.827,0.25195,1,2.7,1
33.225,0.31071,1,2.7,1
34.472,0.17717,1,2.7,1
41.505,0.30129,1,2.7,1
30.203,0.40813,1,2.7,1
29.758,0.38779,1,2.7,1
27.431,0.47613,1,2.7,1
29.263,0.47152,1,2.7,1
25.149,0.42646,1,2.7,1
0.92843,0.84385,1,2.7,2
0.65842,0.70811,1,2.7,2
0.64383,0.59273,1,2.7,2
2.65,0.46142,1,2.7,2
0.87694,0.43661,1,2.7,2
7.2515,0.3594,1,2.7,2
2.5642,0.28269,1,2.7,2
2.3637,0.19672,1,2.7,2
3.6227,0.15594,1,2.7,2
4.951,0.16267,1,2.7,2
5.322,0.097041,1,2.7,2
3.7394,0.079013,1,2.7,2
7.4878,0.22817,1,2.7,2
9.7264,0.43621,1,2.7,2
5.9441,0.51783,1,2.7,2
12.001,0.42706,1,2.7,2
8.4391,0.75301,1,2.7,2
16.073,0.63728,1,2.7,2
19.749,0.7163,1,2.7,2
25.951,0.77032,1,2.7,2
41.882,0.78769,1,2.7,2
22.707,0.60983,1,2.7,3
17.953,0.50823,1,2.7,3
18.786,0.10096,1,2.7,4
20.12,0.14841,1,2.7,4
20.675,0.039786,1,2.7,4
24.414,0.11428,1,2.7,4
25.798,0.064441,1,2.7,4
27.644,0.16164,1,2.7,4
29.164,0.18646,1,2.7,4
29.606,0.18418,1,2.7,4
32.636,0.15237,1,2.7,4
31.618,0.10038,1,2.7,4
32.47,0.34016,1,2.7,3
31.72,0.40128,1,2.7,3
25.027,0.46493,1,2.7,3
23.709,0.53512,1,2.7,3
25.985,0.53955,1,2.7,3
26.938,0.57796,1,2.7,3
30.674,0.63209,1,2.7,3
35.182,0.78574,1,2.7,3
40.883,0.38503,1,2.7,3
43.851,0.35774,1,2.7,3
13.279,0.011211,1,8,1
14.838,0.065022,1,8,1
13.217,0.10538,1,8,1
15.025,0.16143,1,8,1
15.711,0.16592,1,8,1
16.958,0.30493,1,8,1
20.012,0.40135,1,8,1
21.197,0.47758,1,8,1
20.511,0.21749,1,8,1
23.691,0.30493,1,8,1
24.564,0.2713,1,8,1
22.693,0.18386,1,8,1
21.197,0.080717,1,8,1
22.382,0.020179,1,8,1
22.257,0.080717,1,8,1
23.254,0.085202,1,8,1
24.127,0.16816,1,8,1
26.683,0.25336,1,8,1
24.751,0.37444,1,8,1
24.002,0.47085,1,8,1
24.688,0.58072,1,8,1
26.746,0.43049,1,8,1
29.177,0.32287,1,8,1
29.8,0.53812,1,8,1
33.479,0.43722,1,8,1
37.905,0.4148,1,8,1
35.162,0.3139,1,8,1
35.037,0.27803,1,8,1
31.297,0.25336,1,8,1
29.738,0.22422,1,8,1
37.718,0.16816,1,8,1
13.778,0.58969,1,8,2
18.267,0.52691,1,8,2
17.207,0.43722,1,8,2
13.466,0.26457,1,8,2
15.025,0.23543,1,8,2
14.214,0.21076,1,8,2
13.778,0.1278,1,8,2
13.466,0.1278,1,8,2
13.404,0.11435,1,8,2
12.905,0.047085,1,8,2
23.815,0.50897,1,8,2
22.007,0.53812,1,8,2
21.135,0.54484,1,8,2
23.379,0.68834,1,8,2
22.88,0.66143,1,8,2
26.683,0.70404,1,8,2
32.481,0.81166,1,8,2
34.601,0.74215,1,8,2
31.11,0.68386,1,8,2
39.589,0.74664,1,8,2
22.257,0.1435,1,8,4
22.132,0.1009,1,8,4
21.945,0.076233,1,8,4
22.943,0.060538,1,8,4
26.122,0.1009,1,8,4
25.935,0.078475,1,8,4
24.501,0.14798,1,8,4
29.115,0.20404,1,8,4
30.424,0.35874,1,8,3
25.249,0.52691,1,8,3
23.441,0.57848,1,8,3
22.88,0.61883,1,8,3
25.561,0.63901,1,8,3
26.746,0.6009,1,8,3
30.611,0.62556,1,8,3
30.424,0.67937,1,8,3
29.302,0.50224,1,8,3
31.172,0.44619,1,8,3
33.479,0.53812,1,8,3
33.105,0.56726,1,8,3
33.292,0.73094,1,8,3
33.479,0.22646,1,8,4
32.107,0.1704,1,8,4
31.047,0.056054,1,8,4
34.227,0.35874,1,8,3
33.292,0.038117,1,8,4
34.289,0.047085,1,8,4
35.474,0.076233,1,8,4
38.591,0.053812,1,8,4
37.406,0.049327,1,8,4
37.781,0.024664,1,8,4
0.71429,0.15,1,4.7,1
1.5317,0.11591,1,4.7,1
1.2228,0.17273,1,4.7,1
1.8101,0.31818,1,4.7,1
1.4306,0.31591,1,4.7,1
1.8185,0.38409,1,4.7,1
0.82462,0.52273,1,4.7,1
0.27037,0.63864,1,4.7,1
0.4646,0.675,1,4.7,1
0.84502,0.68409,1,4.7,1
0.66831,0.78636,1,4.7,1
3.8708,0.11818,1,4.7,1
5.2643,0.14091,1,4.7,1
4.7598,0.15,1,4.7,1
5.8252,0.077273,1,4.7,1
7.4606,0.013636,1,4.7,1
7.8425,0.034091,1,4.7,1
7.2112,0.040909,1,4.7,1
7.8468,0.068182,1,4.7,1
7.2181,0.095455,1,4.7,1
7.3509,0.14545,1,4.7,1
7.7373,0.20227,1,4.7,1
5.468,0.25227,1,4.7,1
5.8508,0.27955,1,4.7,1
5.0325,0.30682,1,4.7,1
4.0243,0.33182,1,4.7,1
5.7967,0.35227,1,4.7,1
5.7982,0.36364,1,4.7,1
5.8011,0.38636,1,4.7,1
5.6131,0.4,1,4.7,1
5.618,0.43864,1,4.7,1
5.6833,0.45455,1,4.7,1
5.7485,0.47045,1,4.7,1
5.5695,0.55455,1,4.7,1
7.8411,0.52273,1,4.7,1
6.9463,0.44545,1,4.7,1
7.7051,0.44773,1,4.7,1
7.6977,0.38864,1,4.7,1
8.3289,0.38182,1,4.7,1
8.3174,0.29091,1,4.7,1
11.012,0.10455,1,4.7,1
11.454,0.10455,1,4.7,1
11.042,0.34091,1,4.7,1
11.748,0.42955,1,4.7,1
11.377,0.49545,1,4.7,1
12.601,0.67045,1,4.7,1
18.304,0.78636,1,4.7,1
14.354,0.53864,1,4.7,1
13.525,0.48182,1,4.7,1
14.722,0.44773,1,4.7,1
15.608,0.45909,1,4.7,1
16.743,0.43636,1,4.7,1
17.055,0.40455,1,4.7,1
18.448,0.42727,1,4.7,1
17.568,0.46136,1,4.7,1
18.401,0.55455,1,4.7,1
22.994,0.38636,1,4.7,1
22.536,0.25909,1,4.7,1
27.536,0.30682,1,4.7,1
17.86,0.275,1,4.7,1
16.723,0.275,1,4.7,1
16.719,0.24773,1,4.7,1
17.919,0.23864,1,4.7,1
15.77,0.23864,1,4.7,1
14.994,0.1,1,4.7,1
17.023,0.15227,1,4.7,1
17.024,0.16364,1,4.7,1
17.554,0.85455,1,4.7,1
1.8702,0.79318,1,4.7,2
4.421,0.97045,1,4.7,2
5.2876,0.825,1,4.7,2
1.8607,0.71818,1,4.7,2
5.7772,0.69773,1,4.7,2
5.6427,0.63409,1,4.7,2
5.5795,0.63409,1,4.7,2
5.4413,0.54091,1,4.7,2
4.6193,0.53864,1,4.7,2
4.1064,0.48182,1,4.7,2
4.0412,0.46591,1,4.7,2
4.0398,0.45455,1,4.7,2
4.1556,0.37045,1,4.7,2
6.7722,0.56818,1,4.7,2
8.1631,0.57045,1,4.7,2
7.7284,0.63182,1,4.7,2
8.4295,0.67727,1,4.7,2
7.3563,0.68864,1,4.7,2
7.8649,0.71136,1,4.7,2
7.8074,0.75682,1,4.7,2
10.284,0.84545,1,4.7,2
11.928,0.85227,1,4.7,2
14.337,0.90227,1,4.7,2
12.994,0.77955,1,4.7,2
11.538,0.76591,1,4.7,2
13.567,0.81364,1,4.7,2
14.503,0.71818,1,4.7,2
16.218,0.78182,1,4.7,2
16.853,0.80682,1,4.7,2
17.741,0.82955,1,4.7,2
23.801,0.26364,1,4.7,3
17.653,0.13409,1,4.7,4
15.378,0.13636,1,4.7,4
15.812,0.070455,1,4.7,4
17.838,0.1,1,4.7,4
29.868,0.25455,1,4.7,3
35.232,0.18636,1,4.7,4
33.814,0.46591,1,4.7,3
32.486,0.46591,1,4.7,3
32.494,0.52955,1,4.7,3
27.314,0.55,1,4.7,3
23.46,0.56818,1,4.7,3
21.831,0.68636,1,4.7,3
21.918,0.86818,1,4.7,3
29.541,0.67273,1,4.7,3
32.448,0.66136,1,4.7,3
31.008,0.77045,1,4.7,3
0.60827,0.021652,1,7.5,1
1.1557,0.030276,1,7.5,1
0.6691,0.047731,1,7.5,1
1.0341,0.080292,1,7.5,1
0.72993,0.1912,1,7.5,1
0.79075,0.23685,1,7.5,1
0.72993,0.38251,1,7.5,1
1.3382,0.33895,1,7.5,1
0.6691,0.48251,1,7.5,1
0.72993,0.45424,1,7.5,1
6.5085,0.066534,1,7.5,1
7.2384,0.12513,1,7.5,1
10.036,0.12042,1,7.5,1
9.1849,0.21619,1,7.5,1
10.219,0.20953,1,7.5,1
14.234,0.041614,1,7.5,1
12.348,0.23751,1,7.5,1
11.74,0.26585,1,7.5,1
9.9148,0.28131,1,7.5,1
12.53,0.38097,1,7.5,1
15.024,0.4676,1,7.5,1
12.409,0.53098,1,7.5,1
16.606,0.51739,1,7.5,1
18.856,0.44318,1,7.5,1
18.127,0.41937,1,7.5,1
17.883,0.33896,1,7.5,1
18.127,0.26067,1,7.5,1
17.944,0.051999,1,7.5,1
18.005,0.082426,1,7.5,1
19.83,0.064797,1,7.5,1
20.499,0.21906,1,7.5,1
21.35,0.21242,1,7.5,1
21.715,0.26672,1,7.5,1
19.404,0.34964,1,7.5,1
22.141,0.39276,1,7.5,1
23.236,0.38609,1,7.5,1
26.095,0.36833,1,7.5,1
41.241,0.29679,1,7.5,1
1.5815,0.98022,1,7.5,2
0.72993,0.85424,1,7.5,2
1.3382,0.67808,1,7.5,2
0.60827,0.75426,1,7.5,2
0.60827,0.76948,1,7.5,2
0.60827,0.66948,1,7.5,2
0.91241,0.64987,1,7.5,2
0.85158,0.63032,1,7.5,2
1.1557,0.61506,1,7.5,2
1.1557,0.58897,1,7.5,2
1.9465,0.55409,1,7.5,2
3.528,0.57562,1,7.5,2
2.6156,0.68443,1,7.5,2
3.163,0.72784,1,7.5,2
4.0754,0.69511,1,7.5,2
3.2847,0.69522,1,7.5,2
6.2652,0.72309,1,7.5,2
5.6569,0.64056,1,7.5,2
9.7324,0.67481,1,7.5,2
9.854,0.84653,1,7.5,2
13.99,0.78947,1,7.5,2
18.674,0.63669,1,7.5,2
22.019,0.61016,1,7.5,2
16.302,0.6283,1,7.5,2
15.633,0.6023,1,7.5,2
14.477,0.63723,1,7.5,2
9.2457,0.59009,1,7.5,2
10.462,0.56602,1,7.5,2
6.1436,0.45354,1,7.5,2
4.3187,0.41899,1,7.5,2
3.163,0.38436,1,7.5,2
2.2506,0.44318,1,7.5,2
1.7032,0.50194,1,7.5,2
1.399,0.51937,1,7.5,2
0.72993,0.54338,1,7.5,2
0.36496,0.53255,1,7.5,2
1.2165,0.47592,1,7.5,2
0.54745,0.30209,1,7.5,2
2.129,0.24102,1,7.5,2
2.9805,0.29743,1,7.5,2
3.2238,0.32131,1,7.5,2
3.2847,0.1713,1,7.5,2
5.5353,0.1471,1,7.5,2
4.3796,0.090725,1,7.5,2
3.7713,0.0995,1,7.5,2
2.4939,0.051841,1,7.5,2
2.7981,0.0039749,1,7.5,2
4.3796,0.0081165,1,7.5,2
4.0146,0.053816,1,7.5,2
3.2847,0.049564,1,7.5,2
6.3869,0.3122,1,7.5,2
6.7518,0.36215,1,7.5,2
7.6034,0.32726,1,7.5,2
9.3066,0.414,1,7.5,2
9.9757,0.43347,1,7.5,2
11.618,0.47674,1,7.5,2
11.8,0.36584,1,7.5,2
14.477,0.45028,1,7.5,2
21.837,0.49932,1,7.5,3
28.041,0.66373,1,7.5,3
27.494,0.55945,1,7.5,3
26.703,0.49868,1,7.5,3
27.737,0.47246,1,7.5,3
43.491,0.57041,1,7.5,3
43.552,0.36388,1,7.5,3
42.092,0.13363,1,7.5,4
42.64,0.024865,1,7.5,4
30.9,0.059005,1,7.5,4
30.596,0.065566,1,7.5,4
31.265,0.10461,1,7.5,4
30.718,0.2199,1,7.5,4
28.285,0.1463,1,7.5,4
29.136,0.10924,1,7.5,4
28.771,0.072326,1,7.5,4
22.263,0.034045,1,7.5,4
21.594,0.062393,1,7.5,4
20.012,0.082164,1,7.5,4
15.693,0.00011901,1,7.5,4
15.815,0.054451,1,7.5,4
17.153,0.069494,1,7.5,4
22.08,0.1732,1,7.5,4
23.358,0.17086,1,7.5,4
22.749,0.21224,1,7.5,4
7.3336,0.097989,1,11.7,1
9.2396,0.051697,1,11.7,1
11.028,0.089466,1,11.7,1
12.016,0.1338,1,11.7,1
13.616,0.12509,1,11.7,1
17.799,0.061304,1,11.7,1
17.679,0.11439,1,11.7,1
9.3099,0.1933,1,11.7,1
10.482,0.21995,1,11.7,1
11.344,0.22002,1,11.7,1
10.485,0.27747,1,11.7,1
13.69,0.31979,1,11.7,1
15.536,0.30889,1,11.7,1
16.332,0.23595,1,11.7,1
17.752,0.28918,1,11.7,1
18.489,0.25384,1,11.7,1
21.254,0.16117,1,11.7,1
22.055,0.17894,1,11.7,1
19.785,0.31369,1,11.7,1
21.573,0.33819,1,11.7,1
18.927,0.3822,1,11.7,1
17.515,0.44623,1,11.7,1
12.161,0.49222,1,11.7,1
17.15,0.51036,1,11.7,1
21.393,0.41782,1,11.7,1
27.542,0.27677,1,11.7,1
4.7494,0.13095,1,11.7,2
6.2222,0.049218,1,11.7,2
8.2638,0.20427,1,11.7,2
7.1567,0.22408,1,11.7,2
9.6866,0.31059,1,11.7,2
7.175,0.52275,1,11.7,2
11.543,0.45456,1,11.7,2
12.04,0.5254,1,11.7,2
13.396,0.55206,1,11.7,2
15.365,0.52348,1,11.7,2
16.283,0.44391,1,11.7,2
14.691,0.58979,1,11.7,2
13.522,0.59632,1,11.7,2
13.831,0.6229,1,11.7,2
11.066,0.71336,1,11.7,2
10.208,0.77745,1,11.7,2
16.301,0.72931,1,11.7,2
18.27,0.70515,1,11.7,2
22.155,0.79842,1,11.7,2
26.659,0.94483,1,11.7,2
19.865,0.60131,1,11.7,2
21.835,0.6037,1,11.7,2
28.118,0.63965,1,11.7,2
16.507,0.070039,1,11.7,4
19.459,0.0083537,1,11.7,4
21.065,0.094779,1,11.7,4
27.403,0.024543,1,11.7,4
29.188,0.018064,1,11.7,4
29.016,0.22601,1,11.7,4
26.992,0.35415,1,11.7,3
26.935,0.42716,1,11.7,3
29.402,0.49153,1,11.7,3
19.793,0.43537,1,11.7,3
22.259,0.48427,1,11.7,3
22.2,0.53515,1,11.7,3
20.232,0.56152,1,11.7,3
3.9464,0.042222,1,11.7,1
6.0407,0.055556,1,11.7,1
8.9408,0.34444,1,11.7,1
10.673,0.38444,1,11.7,1
12.797,0.51778,1,11.7,1
18.214,0.54,1,11.7,1
29.562,0.67111,1,11.7,1
30.633,0.52222,1,11.7,1
37.637,0.49556,1,11.7,1
42.699,0.57111,1,11.7,1
57.541,0.40222,1,11.7,1
32.015,0.14222,1,11.7,1
36.452,0.17778,1,11.7,1
37.071,0.19333,1,11.7,1
37.566,0.20444,1,11.7,1
39.623,0.068889,1,11.7,1
53.797,0.18667,1,11.7,1
54.416,0.2,1,11.7,1
74.974,0.26889,1,11.7,1
80.171,0.39333,1,11.7,1
2.5311,0.78889,1,11.7,2
2.6218,0.65778,1,11.7,2
14.667,0.62222,1,11.7,2
13.672,0.57778,1,11.7,2
3.0783,0.51333,1,11.7,2
5.0392,0.48444,1,11.7,2
7.9874,0.46889,1,11.7,2
6.9985,0.44889,1,11.7,2
6.9859,0.39778,1,11.7,2
1.4427,0.36444,1,11.7,2
1.1633,0.22889,1,11.7,2
1.2606,0.12444,1,11.7,2
36.604,0.79333,1,11.7,2
25.76,0.71333,1,11.7,2
23.902,0.66222,1,11.7,2
29.064,0.64444,1,11.7,2
60.99,0.92444,1,11.7,2
63.934,0.89111,1,11.7,2
77.488,0.98889,1,11.7,2
42.613,0.72,1,11.7,3
29.074,0.68444,1,11.7,3
62.802,0.79111,1,11.7,3
61.442,0.76222,1,11.7,3
37.396,0.51556,1,11.7,3
41.956,0.55111,1,11.7,3
61.992,0.49778,1,11.7,3
62.595,0.44667,1,11.7,3
67.165,0.52444,1,11.7,3
76.502,0.48222,1,11.7,3
77.972,0.45556,1,11.7,3
77.446,0.32,1,11.7,3
66.359,0.25111,1,11.7,3
76.52,0.053333,1,11.7,4
53.548,0.17333,1,11.7,4
45.065,0.19111,1,11.7,4
32.981,0.068889,1,11.7,4
36.909,0.035556,1,11.7,4
38.133,0.011111,1,11.7,4
43.547,0.017778,1,11.7,4
3.0826,0.019756,1,2.4,1
3.0826,0.10346,1,2.4,1
3.0826,0.20918,1,2.4,1
2.2195,0.30392,1,2.4,1
0.24661,0.54184,1,2.4,1
2.2195,0.51096,1,2.4,1
0.61652,0.62333,1,2.4,1
0.61652,0.66518,1,2.4,1
0.49322,0.7621,1,2.4,1
0.36991,0.80616,1,2.4,1
0.36991,0.85902,1,2.4,1
13.933,0.061367,1,2.4,1
15.29,0.026095,1,2.4,1
15.66,0.13181,1,2.4,1
18.002,0.10974,1,2.4,1
21.208,0.26165,1,2.4,1
25.524,0.32543,1,2.4,1
25.647,0.35406,1,2.4,1
29.593,0.51036,1,2.4,1
37.361,0.53001,1,2.4,1
35.142,0.52346,1,2.4,1
33.292,0.5279,1,2.4,1
35.265,0.49041,1,2.4,1
39.334,0.67535,1,2.4,1
41.554,0.70613,1,2.4,1
45.623,0.70384,1,2.4,1
42.047,0.49907,1,2.4,1
39.334,0.46609,1,2.4,1
40.197,0.44625,1,2.4,1
46.239,0.48356,1,2.4,1
49.445,0.41301,1,2.4,1
56.35,0.41946,1,2.4,1
65.228,0.30473,1,2.4,1
75.339,0.19217,1,2.4,1
44.636,0.20827,1,2.4,1
51.665,0.1971,1,2.4,1
33.785,0.12701,1,2.4,1
31.319,0.049971,1,2.4,1
29.716,0.050006,1,2.4,1
26.634,0.017034,1,2.4,1
33.539,0.01468,1,2.4,1
2.7127,0.57042,1,2.4,2
2.5894,0.51977,1,2.4,2
3.6991,0.4867,1,2.4,2
3.6991,0.35675,1,2.4,2
3.5758,0.35234,1,2.4,2
1.8496,0.21802,1,2.4,2
3.9457,0.059384,1,2.4,2
10.358,0.16056,1,2.4,2
18.619,0.29254,1,2.4,2
14.55,0.13624,1,2.4,2
14.303,0.028319,1,2.4,2
14.18,0.004093,1,2.4,2
15.166,0.065745,1,2.4,2
21.578,0.36296,1,2.4,2
22.565,0.46426,1,2.4,2
23.921,0.41798,1,2.4,2
24.414,0.41576,1,2.4,2
23.305,0.39156,1,2.4,2
31.073,0.58742,1,2.4,2
31.319,0.59623,1,2.4,2
34.649,0.62919,1,2.4,2
36.991,0.69302,1,2.4,2
39.334,0.66653,1,2.4,2
40.444,0.68854,1,2.4,2
40.197,0.67092,1,2.4,2
43.527,0.67085,1,2.4,2
44.76,0.68844,1,2.4,2
46.979,0.67518,1,2.4,2
59.186,0.81367,1,2.4,2
75.956,0.79128,1,2.4,2
59.556,0.7608,1,2.4,3
41.184,0.60262,1,2.4,3
37.485,0.62252,1,2.4,3
33.169,0.65125,1,2.4,3
25.771,0.52366,1,2.4,3
28.483,0.55884,1,2.4,3
30.949,0.44866,1,2.4,3
31.813,0.46846,1,2.4,3
32.799,0.49047,1,2.4,3
35.265,0.47499,1,2.4,3
33.785,0.54551,1,2.4,3
36.745,0.56086,1,2.4,3
38.471,0.50356,1,2.4,3
42.293,0.47484,1,2.4,3
45.623,0.47036,1,2.4,3
50.308,0.45043,1,2.4,3
56.473,0.48774,1,2.4,3
66.461,0.1351,1,2.4,4
73.243,0.17019,1,2.4,4
75.832,0.28027,1,2.4,3
50.925,0.16628,1,2.4,4
44.883,0.14879,1,2.4,4
49.815,0.07159,1,2.4,4
40.814,0.15769,1,2.4,4
41.184,0.091604,1,2.4,4
33.909,0.045509,1,2.4,4
13.104,0.01928,1,4.4,1
12.615,0.054074,1,4.4,1
13.931,0.20622,1,4.4,1
16.966,0.20398,1,4.4,1
18.657,0.26699,1,4.4,1
22.539,0.2756,1,4.4,1
21.909,0.47126,1,4.4,1
26.515,0.51247,1,4.4,1
32.494,0.24929,1,4.4,1
37.96,0.21222,1,4.4,1
39.785,0.17522,1,4.4,1
39.665,0.15783,1,4.4,1
42.58,0.1382,1,4.4,1
38.095,0.094824,1,4.4,1
36.528,0.010075,1,4.4,1
37.014,0.0013693,1,4.4,1
39.32,-0.00085479,1,4.4,1
44.767,0.11859,1,4.4,1
45.486,0.19901,1,4.4,1
47.058,0.24028,1,4.4,1
46.084,0.27074,1,4.4,1
43.535,0.26862,1,4.4,1
45.099,0.38598,1,4.4,1
37.807,0.47092,1,4.4,1
40.484,0.41434,1,4.4,1
39.847,0.65783,1,4.4,1
63.911,0.37035,1,4.4,1
63.204,0.2008,1,4.4,1
12.59,0.2606,1,4.4,2
14.392,0.41273,1,4.4,2
21.885,0.66909,1,4.4,2
22.03,0.46909,1,4.4,2
26.144,0.57117,1,4.4,2
32.681,0.70799,1,4.4,2
29.641,0.75805,1,4.4,2
41.648,0.82083,1,4.4,2
42.144,0.73387,1,4.4,2
42.27,0.69256,1,4.4,2
71.361,0.98541,1,4.4,2
86.531,0.98073,1,4.4,2
90.181,0.91108,1,4.4,2
58.045,0.70961,1,4.4,3
61.439,0.74432,1,4.4,3
43.595,0.77514,1,4.4,3
41.911,0.65344,1,4.4,3
42.523,0.61212,1,4.4,3
33.663,0.61883,1,4.4,3
33.058,0.59928,1,4.4,3
29.547,0.53414,1,4.4,3
36.465,0.53182,1,4.4,3
36.712,0.49485,1,4.4,3
42.418,0.47734,1,4.4,3
41.327,0.46215,1,4.4,3
39.18,0.1535,1,4.4,4
39.197,0.016539,1,4.4,4
38.101,0.046998,1,4.4,4
41.256,0.049103,1,4.4,4
43.194,0.083844,1,4.4,4
41.128,0.10345,1,4.4,4
56.54,0.10747,1,4.4,4
55.701,0.020528,1,4.4,4
62.498,0.018207,1,4.4,4
62.977,0.07037,1,4.4,4
61.03,0.10954,1,4.4,4
60.39,0.38999,1,4.4,3
59.03,0.59219,1,4.4,3
72.626,0.56146,1,4.4,3
74.793,0.7049,1,4.4,3
72.758,0.47668,1,4.4,3
70.989,0.052805,1,4.4,4
91.37,0.11323,1,4.4,4
91.972,0.148,1,4.4,4
91.095,0.37411,1,4.4,3
90.6,0.4589,1,4.4,3
2.2715,0.19942,1,0.6,1
1.0903,0.055993,1,0.6,1
5.3651,0.14768,1,0.6,1
-0.037304,0.37444,1,0.6,1
-0.14073,0.41256,1,0.6,1
-0.058749,0.58969,1,0.6,1
-0.067684,0.67938,1,0.6,1
0.22047,0.78698,1,0.6,1
0.61519,0.82508,1,0.6,1
1.0025,0.93716,1,0.6,1
3.0031,0.85633,1,0.6,1
7.09,0.83368,1,0.6,1
7.8004,0.7036,1,0.6,1
8.3086,0.60267,1,0.6,1
7.9224,0.47938,1,0.6,1
14.125,0.21894,1,0.6,1
22.204,0.13104,1,0.6,1
23.903,0.074893,1,0.6,1
23.112,0.0144,1,0.6,1
29.181,0.092535,1,0.6,1
30.274,0.12611,1,0.6,1
37.938,0.19294,1,0.6,1
45.708,0.20372,1,0.6,1
53.178,0.22796,1,0.6,1
63.438,0.23635,1,0.6,1
69.41,0.30104,1,0.6,1
57.549,0.35552,1,0.6,1
40.405,0.4372,1,0.6,1
40.303,0.45962,1,0.6,1
30.74,0.44895,1,0.6,1
28.54,0.52531,1,0.6,1
24.355,0.53451,1,0.6,1
23.455,0.57268,1,0.6,1
20.263,0.60873,1,0.6,1
13.686,0.63152,1,0.6,1
15.169,0.74579,1,0.6,1
16.966,0.70084,1,0.6,1
21.441,0.78804,1,0.6,1
7.0782,0.95252,1,0.6,2
7.885,0.85382,1,0.6,2
8.2958,0.73048,1,0.6,2
11.187,0.70789,1,0.6,2
13.071,0.80196,1,0.6,2
14.962,0.81979,1,0.6,2
16.655,0.82866,1,0.6,2
19.854,0.71638,1,0.6,2
25.929,0.73621,1,0.6,2
32.194,0.85694,1,0.6,2
32.09,0.8973,1,0.6,2
39.362,0.89914,1,0.6,2
73.034,0.92416,1,0.6,2
27.722,0.74284,1,0.6,3
22.951,0.63324,1,0.6,3
31.308,0.74264,1,0.6,3
38.782,0.72428,1,0.6,3
40.378,0.71074,1,0.6,3
49.83,0.83129,1,0.6,3
51.422,0.84914,1,0.6,3
69.747,0.91089,1,0.6,3
41.083,0.63223,1,0.6,3
39.794,0.57176,1,0.6,3
44.192,0.42129,1,0.6,3
49.969,0.43666,1,0.6,3
65.104,0.51653,1,0.6,3
63.822,0.38207,1,0.6,3
32.769,0.083365,1,0.6,4
31.081,0.020679,1,0.6,4
35.864,0.013685,1,0.6,4
37.853,0.047206,1,0.6,4
45.114,0.16787,1,0.6,4
53.279,0.21226,1,0.6,4
60.149,0.25448,1,0.6,3
65.14,0.16227,1,0.6,4
69.616,0.23152,1,0.6,4
78.284,0.22655,1,0.6,4
1.0598,0.66443,1,1,1
1.8306,0.42058,1,1,1
0.83861,0.43848,1,1,1
1.9258,0.37808,1,1,1
0.61495,0.18792,1,1,1
12.625,0.042506,1,1,1
19.391,0.12304,1,1,1
21.875,0.11409,1,1,1
31.412,0.087248,1,1,1
40.776,0.30872,1,1,1
41.081,0.38031,1,1,1
33.637,0.46756,1,1,1
29.772,0.57718,1,1,1
31.162,0.566,1,1,1
45.537,0.21253,1,1,1
61.923,0.10515,1,1,1
57.968,0.30201,1,1,1
0.88485,0.9038,1,1,2
0.56648,0.70022,1,1,2
1.0451,0.51678,1,1,2
2.1043,0.1745,1,1,2
12.74,0.19463,1,1,2
10.445,0.10067,1,1,2
1.789,0.0022371,1,1,2
19.422,0.43177,1,1,2
22.005,0.42506,1,1,2
29.961,0.48546,1,1,2
33.647,0.57494,1,1,2
31.366,0.61745,1,1,2
31.47,0.66219,1,1,2
40.904,0.59955,1,1,2
62.102,0.90157,1,1,2
33.048,0.54586,1,1,3
31.753,0.51678,1,1,3
36.724,0.53691,1,1,3
38.418,0.58613,1,1,3
44.281,0.58166,1,1,3
39.894,0.42953,1,1,3
45.862,0.48546,1,1,3
39.961,0.10738,1,1,4
41.454,0.13199,1,1,4
45.816,0.026846,1,1,4
50.393,0.0783,1,1,4
54.079,0.1745,1,1,4
58.47,0.3557,1,1,3
60.942,0.23266,1,1,4
52.414,0.42058,1,1,3
51.127,0.46532,1,1,3
56.511,0.63758,1,1,3
54.037,0.74273,1,1,3
55.632,0.79866,1,1,3
71.221,0.65996,1,1,3
75.805,0.79195,1,1,3
73.663,0.23043,1,1,4
70.372,0.11633,1,1,4
71.66,0.080537,1,1,4
20.594,0.12996,1,2.4,1
20.675,0.039648,1,2.4,1
22.886,0.21806,1,2.4,1
26.922,0.12555,1,2.4,1
32.147,0.046256,1,2.4,1
36.737,0.25551,1,2.4,1
25.79,0.40529,1,2.4,1
28.065,0.40749,1,2.4,1
29.951,0.44053,1,2.4,1
34.89,0.4163,1,2.4,1
42.898,0.40308,1,2.4,1
40.281,0.17401,1,2.4,1
43.647,0.19163,1,2.4,1
49.301,0.27974,1,2.4,1
50.658,0.14097,1,2.4,1
60.068,0.22026,1,2.4,1
76.293,0.25771,1,2.4,1
36.664,0.88546,1,2.4,2
44.18,0.88546,1,2.4,2
29.577,0.55066,1,2.4,2
20.717,0.2533,1,2.4,2
21.201,0.20044,1,2.4,2
21.592,0.17621,1,2.4,2
23.767,0.17621,1,2.4,2
27.067,0.35903,1,2.4,2
28.453,0.36564,1,2.4,2
34.119,0.51762,1,2.4,2
41.653,0.61233,1,2.4,2
47.783,0.60573,1,2.4,2
51.074,0.74449,1,2.4,2
57.796,0.73568,1,2.4,2
65.513,0.7511,1,2.4,2
33.734,0.56828,1,2.4,3
32.939,0.55066,1,2.4,3
36.527,0.68943,1,2.4,3
39.271,0.56828,1,2.4,3
41.437,0.51982,1,2.4,3
43.517,0.53744,1,2.4,3
45.396,0.53744,1,2.4,3
50.078,0.71145,1,2.4,3
51.649,0.65419,1,2.4,3
46.361,0.4141,1,2.4,3
35.12,0.079295,1,2.4,4
38.674,0.046256,1,2.4,4
41.838,0.044053,1,2.4,4
44.996,0.015419,1,2.4,4
50.443,0.052863,1,2.4,4
51.047,0.11013,1,2.4,4
57.121,0.32159,1,2.4,3
50.406,0.36564,1,2.4,3
65.755,0.47797,1,2.4,3
64.824,0.26652,1,2.4,3
68.384,0.26652,1,2.4,3
73.226,0.2511,1,2.4,3
73.989,0.11013,1,2.4,4
78.162,0.20705,1,2.4,4
78.296,0.38767,1,2.4,3
68.72,0.46916,1,2.4,3
68.341,0.55066,1,2.4,3
69.629,0.56388,1,2.4,3
78.128,0.53524,1,2.4,3
79.931,0.65419,1,2.4,3
75.884,0.69163,1,2.4,3
74.02,0.76432,1,2.4,3
